Attribute1,Attribute2,Attribute3,Attribute4,Cluster
-0.305274,-1.110576,0.755354,-0.83147,C1
-0.282726,0.034388,0.696487,0.382683,C1
-0.619599,-0.214979,0.381833,-0.707107,C1
-0.190587,-0.773487,0.472724,-0.19509,C1
-0.401885,-0.521121,0.594496,-0.92388,C1
0.314333,-1.330784,0.445688,-0.55557,C1
-0.588243,-0.375291,0.942569,-0.707107,C1
-0.349859,-0.675287,0.075475,-0.707107,C1
-0.045933,-1.199864,0.332718,0.382683,C1
-0.367173,0.233278,0.820065,0.55557,C1
0.563131,-1.293562,0.827045,0.382683,C1
-0.267118,-0.179702,0.687585,0.55557,C1
0.56001,-0.897503,0.820262,0,C1
0.153663,-0.085677,0.598942,0.382683,C1
0.486886,-0.789877,0.139524,-0.19509,C1
-0.338979,-0.269701,0.798039,-0.382683,C1
-0.175504,-0.799974,0.999459,-0.19509,C2
-0.5665,7.106582,0.686659,0.55557,C2
0.011518,-6.539858,-0.103784,-1.409208,C2
0.305235,7.099059,0.82633,0.980785,C2
0.034495,2.472103,-0.637446,-0.190056,C2
-0.794286,4.558582,0.825178,1,C2
1.309225,14.209241,0.893193,-0.83147,C2
0.389068,-5.917134,-0.017633,-2.219766,C2
4.845237,24.606073,-1.263878,0.825664,C2
0.129482,9.696941,-0.315042,-0.721622,C2
0.789858,8.043729,-0.398031,-1.092303,C2
0.184029,9.223237,-0.271894,0.340546,C2
0.656528,1.997843,0.216123,0.707107,C2
0.835594,6.203963,-0.95518,-2.562726,C2
3.830308,10.769992,0.766132,-0.546079,C2
0.129171,8.509057,0.450347,-0.19509,C2
0.829593,-1.937108,-0.608699,-1.146535,C2
-1.422189,-5.210524,0.837114,0.19509,C2
3.877567,26.442493,1.209382,1.789335,C2
0.240719,0.391091,-0.3438,-1.471697,C2
-1.29854,0.391594,0.268536,-0.83147,C2
3.850778,22.030348,0.483038,0.775418,C2
1.157378,13.55224,0.637642,0.980785,C2
0.069451,-1.419594,-0.759798,-2.228905,C2
1.12121,6.718568,0.878026,-0.83147,C2
4.720218,14.161399,-1.02419,1.17354,C2
0.963637,3.449074,-0.417596,-1.95825,C2
-0.294353,-9.470898,0.07376,0.19509,C2
4.249936,15.559346,0.720182,1.975303,C2
0.866356,-1.331074,-0.494483,-1.167856,C2
0.864669,9.393495,-0.228035,-1.457421,C2
0.695133,-5.025654,-0.75033,-0.002162,C2
3.776951,10.540389,0.225549,1.393283,C2
4.341755,12.768577,-1.536752,0.443057,C2
3.61245,23.783142,2.704382,3.430146,C2
0.563556,7.01668,-0.806488,-1.366784,C2
3.515752,9.093381,0.625232,2.192611,C2
-0.010622,-5.109519,0.36896,-0.707107,C2
-0.494572,-3.172522,0.938239,0.19509,C2
0.627743,-2.056125,-0.193061,0.463088,C2
1.214894,1.401862,0.761246,-0.19509,C2
0.458522,12.353756,0.374574,0.55557,C2
0.622214,-6.222158,0.321015,1,C2
0.150737,-7.549033,0.445787,0.83147,C2
1.578542,-2.463493,0.729636,0.92388,C2
0.628675,4.640868,-0.509506,-0.416083,C2
-0.181762,-4.363577,0.371801,-0.707107,C2
4.194686,19.372643,1.561993,0.251369,C2
0.891024,11.102377,-0.939418,-1.507101,C2
4.416339,25.759676,-1.231016,1.659016,C2
0.986674,11.025023,-0.295304,-1.950097,C2
-0.533222,3.806728,0.181974,0.980785,C2
0.523517,1.983042,-0.908962,-1.154932,C2
0.866654,13.974307,-0.635429,-0.241717,C2
0.22512,-7.565379,0.737832,0.382683,C2
4.818839,11.498887,1.488192,0.800499,C2
3.40085,15.593522,0.388442,1.550357,C2
4.480952,16.3476,-0.369181,1.690687,C2
0.739634,10.035418,-0.762925,-0.556899,C2
1.193013,6.153129,0.322714,0,C2
0.392675,10.168317,0.351719,0.19509,C2
3.109051,22.913629,0.898054,1.427859,C2
-0.100547,4.112536,0.324508,1,C2
4.438887,18.810289,0.894662,1.835093,C2
4.53207,10.216883,-2.060882,1.580702,C2
0.659663,1.898258,-0.747812,-0.244183,C2
-0.920633,-0.136669,0.412432,0.92388,C2
0.135743,8.913122,-0.3785,-1.203879,C2
-1.15315,0.684701,0.260153,-0.83147,C2
-1.826742,-3.367835,0.529449,-0.19509,C2
-0.049213,-9.030313,0.034143,0,C2
3.872956,22.449613,0.319943,0.424376,C2
-1.445447,3.344416,0.081491,-1,C2
3.275021,7.549035,-0.811746,-0.037508,C2
0.803761,2.812566,-0.256113,-2.367881,C2
-0.378817,8.048684,0.950049,-0.19509,C2
-1.322718,3.972746,0.791815,0.55557,C2
-0.601023,-3.642306,0.833302,-0.92388,C2
3.279087,18.451965,1.078775,2.336106,C2
0.114958,-2.741109,-0.370659,-1.372192,C2
0.476614,-3.544546,0.311704,0.382683,C2
0.961367,3.324507,-0.605553,-2.221128,C2
0.373205,1.970973,-0.902911,-2.455307,C2
-1.548109,-8.945993,0.541679,0.55557,C2
4.83866,21.758056,0.865546,-0.057592,C2
4.708991,13.805362,0.19459,2.218307,C2
4.364903,22.125134,-1.498015,2.55582,C2
4.04346,11.546425,0.033976,0.649627,C2
0.248771,-3.932591,-0.066634,-3.126921,C2
0.416608,-6.187585,-0.384026,-0.64083,C2
0.181628,1.459758,-0.873599,-1.371287,C2
0.867499,-2.082393,-0.638067,-1.348759,C2
0.678701,-5.710834,-0.578834,0.330409,C2
4.694941,27.502446,0.134067,0.416698,C2
3.211069,12.023473,0.291485,0.797053,C2
0.284505,4.039788,-0.685309,-1.78205,C2
0.688726,-5.118825,0.652351,-0.980785,C2
3.445747,8.386273,0.920649,3.127625,C2
3.997058,25.249257,-0.125652,1.182237,C2
-0.460438,0.837806,0.757596,-0.382683,C2
0.181752,-1.423408,-0.154378,-0.189327,C2
4.283549,25.573383,-0.608264,1.447813,C2
0.563131,-1.293562,0.827045,0.382683,C2
2.068448,9.484442,0.667698,0.707107,C2
4.224808,19.026764,0.057501,0.578087,C2
3.25035,17.409379,-1.433021,-0.85553,C2
3.890853,13.098655,-0.08902,2.974091,C2
0.757281,-4.698692,0.029134,-1,C2
3.2846,7.040921,2.088941,-0.293113,C2
3.302358,6.825635,-2.14271,1.944344,C2
0.176195,2.901917,-0.725286,-2.967919,C2
3.626027,15.092933,-0.650728,-0.446919,C2
-0.054218,-1.822474,0.125691,-0.707107,C2
-0.398497,1.575067,0.737574,0.83147,C2
1.104056,-1.550731,0.580776,-0.707107,C2
3.056515,6.550373,1.345332,4.306821,C2
4.730442,15.790015,0.117918,2.518229,C2
-0.505829,7.093125,0.91599,0.92388,C2
3.279607,19.944762,-1.496691,1.783989,C2
0.665856,8.392422,-0.372727,-0.820857,C2
0.429086,-4.200393,0.820473,-0.382683,C2
4.627057,17.440291,0.359413,1.920168,C2
4.38424,19.070767,0.587238,2.075686,C2
3.724115,24.585729,-0.619848,1.444437,C2
0.03982,-4.415128,0.251587,-1,C2
0.646261,-5.472911,-0.270243,-1.680804,C2
0.768476,3.81137,0.482211,-0.19509,C2
0.177739,11.640048,0.713068,-0.19509,C2
0.748974,4.875622,-0.648911,-0.626338,C2
4.037737,12.737811,0.815746,2.779725,C2
4.321737,11.808279,0.799759,1.343307,C2
0.973893,-1.550966,-0.368684,-1.73975,C2
3.278159,10.521472,-0.605214,1.239871,C2
1.691556,0.765178,0.064884,-0.55557,C2
3.735338,20.824689,0.56317,1.050685,C2
0.116939,-5.151663,-0.384273,-2.276834,C2
0.228467,6.416653,-0.714862,-0.471606,C2
0.505248,7.14552,0.777488,0.92388,C2
0.439831,11.009476,0.39912,0.19509,C2
3.894109,19.589603,0.112357,0.926821,C2
0.214349,-8.095531,0.718093,-0.980785,C2
1.798331,15.677425,0.651697,0.707107,C2
4.266193,17.164302,0.113714,1.810276,C2
-0.717785,0.82075,0.083303,-0.55557,C2
0.692342,-3.649151,-0.458101,-3.225666,C2
0.250576,9.79808,-0.953058,-1.321203,C2
4.551761,17.647564,-2.106267,0.499821,C2
0.003534,-1.70549,-0.460526,-1.99924,C2
0.853879,12.128211,0.074851,0.55557,C2
3.35345,13.554786,-0.528982,3.169377,C2
0.487645,9.126364,0.340602,0,C2
-0.189369,-8.746625,0.143516,-0.19509,C2
0.956496,8.610738,-0.71153,-1.015715,C2
-0.551231,-4.335042,0.550587,0.55557,C2
-0.04719,6.444033,0.755719,0,C2
4.088774,8.144253,0.786907,2.601187,C2
1.016409,-1.578984,0.07369,0.83147,C2
0.771478,6.099539,0.99501,0.55557,C2
0.620992,9.494239,-0.521892,-1.971219,C2
3.465198,21.747742,0.155408,1.678136,C2
0.499754,4.306125,-0.416302,-1.434794,C2
1.732736,2.841234,0.797795,-1,C2
4.53128,20.739936,0.419151,1.767665,C2
0.383722,-3.852303,0.259602,-0.92388,C2
3.57423,8.501463,-1.470545,3.288174,C2
0.386113,-1.754384,0.890634,0.55557,C2
4.390535,17.012342,0.142857,1.786469,C2
0.766082,10.039956,-0.453466,-1.148765,C2
0.931529,9.467314,-0.499249,0.403259,C2
0.067853,5.304497,-0.143114,-2.061574,C2
0.191839,10.970337,-0.820959,-3.09017,C2
0.771445,13.248001,-0.817957,-0.836477,C2
0.314333,-1.330784,0.445688,-0.55557,C2
0.061712,1.180126,0.568501,-0.980785,C2
0.437378,8.330037,0.24452,0.92388,C2
0.006044,3.147631,-0.753531,-1.702807,C2
0.037376,-4.949092,0.474866,-0.707107,C2
0.180885,-1.052625,-0.265005,0.465477,C2
0.392571,-4.490881,-0.09711,-1.271984,C2
0.341349,1.568206,-0.987781,-1.44245,C2
0.065305,-8.050549,-0.829011,-2.548416,C2
4.244016,8.335087,0.321522,2.067736,C2
0.628033,0.502728,0.588694,-0.92388,C2
3.623497,8.158077,-0.656955,0.994289,C2
0.35328,5.127503,-0.391962,-1.120579,C2
4.003636,22.856929,0.868149,-0.079093,C2
0.355233,12.313724,-0.884974,-2.581702,C2
0.939297,-3.81264,-0.460277,-3.47211,C2
4.216119,16.19287,-0.577265,1.332271,C2
4.855215,18.473245,0.494539,1.139023,C2
3.731705,10.748533,0.784805,1.794394,C2
0.086958,1.884983,0.937268,-0.92388,C2
-0.619599,-0.214979,0.381833,-0.707107,C2
3.739769,19.684918,0.408905,2.642167,C2
3.753914,21.125707,-0.406576,4.255974,C2
0.408486,-0.146436,-0.946243,-1.699138,C2
3.088458,11.28285,-0.294666,0.506839,C2
1.417348,14.095242,0.926085,-0.382683,C2
4.107362,24.718964,-1.407781,-0.334126,C2
0.234706,-7.16026,0.994338,-0.382683,C2
4.888625,17.214144,0.954949,0.751094,C2
-2.133177,-12.75467,0.286781,0.83147,C2
0.050713,-6.768644,-0.429488,-1.30707,C2
0.663092,11.885326,0.698691,0.83147,C2
4.633336,10.263807,-0.891831,1.521047,C2
0.550817,-1.085781,-0.851252,-2.35151,C2
3.323608,5.766097,0.447243,1.168196,C2
-0.394167,-3.147041,0.800847,-0.382683,C2
3.283075,10.439681,0.147247,0.929671,C2
0.148045,10.471804,-0.606696,-1.921169,C2
4.46002,28.122336,-0.026148,2.58377,C2
3.582519,6.805769,-0.962225,-0.18132,C2
3.672244,10.964396,1.776814,1.084406,C2
4.416904,21.119574,0.481539,1.23553,C2
4.935683,15.190902,-1.46903,1.91895,C2
0.407879,-2.477164,-0.258609,-1.217417,C2
3.119286,9.985847,-0.636351,0.747674,C2
0.782555,3.234068,0.559895,1,C2
0.745066,-3.551614,0.093077,0.55557,C2
-0.592885,-5.546194,0.055171,0.92388,C2
4.432593,13.906364,-0.564883,0.863763,C2
3.883389,19.137895,0.541286,2.496572,C2
4.79413,21.058543,-1.675298,-0.263493,C2
4.593766,10.56034,0.404681,0.907943,C2
-0.111908,-6.551273,0.225743,-0.707107,C2
3.138424,10.181283,-1.214937,0.524598,C2
0.195401,-7.818655,-0.11365,-0.95838,C2
0.544501,3.040661,-0.509806,-0.409082,C2
4.995994,21.238859,1.184711,0.97831,C2
4.521853,15.837969,-0.02833,1.734241,C2
0.178413,11.69703,-0.467889,-1.256652,C2
-0.41678,1.027504,0.296631,0.19509,C2
0.050841,2.184118,-0.933524,-0.305897,C2
3.18855,22.769347,-0.000378,2.426332,C2
3.026682,9.622342,0.384115,-0.045625,C2
4.290249,9.919584,0.55313,2.508437,C2
-1.121325,3.179977,0.712349,0.83147,C2
-0.975,-9.070179,0.704531,0,C2
4.608363,28.561566,0.246399,1.653487,C2
3.642279,10.220462,1.149658,0.914159,C2
4.135385,19.236786,-1.332077,2.003551,C2
4.934585,12.184333,0.32483,1.927849,C2
3.683211,15.746154,0.637413,1.205725,C2
4.116306,18.301823,-0.105152,1.703547,C2
0.910074,5.110931,-0.985956,-0.578624,C2
0.21073,6.246643,-0.764013,-2.555366,C2
-1.501493,-13.164012,0.789572,0.707107,C2
3.085438,12.173884,-0.310013,2.136792,C2
3.733214,25.38793,1.082899,2.712662,C2
0.880576,8.096499,-0.351773,-1.701981,C2
-0.155722,5.681736,0.501279,0,C2
0.228754,-2.825895,-0.609167,-0.117574,C2
-1.397905,0.08085,0.022785,0.382683,C2
3.968126,25.792319,0.202557,0.994327,C2
0.153663,-0.085677,0.598942,0.382683,C2
1.446001,10.992767,0.245108,-0.382683,C2
0.367368,-6.69709,0.531326,0.55557,C2
-0.929622,-9.247702,0.796903,0.19509,C2
4.475036,28.382183,0.929822,0.546249,C2
0.218278,4.52499,-0.09227,-0.927049,C2
0.70268,-3.781537,0.493267,-0.707107,C2
-0.380366,-6.184643,0.972595,0.980785,C2
-1.163949,3.705223,0.837972,0.707107,C2
0.968002,10.351305,-0.24989,0.117792,C2
0.866137,13.215037,-0.442931,-1.071221,C2
-0.924013,-11.925319,0.521687,0,C2
3.541352,19.091073,0.781264,1.036567,C2
0.66346,-0.125508,0.28639,-0.92388,C2
0.849769,-2.56182,-0.012767,-2.162873,C2
-0.199353,-3.18969,0.755505,0.19509,C2
0.956145,1.288159,-0.162492,-1.277251,C2
0.410665,-2.575838,-0.557512,-0.500195,C2
1.464281,-1.644421,0.96874,-0.980785,C2
2.208836,10.525421,0.052387,0.83147,C2
0.773014,5.312156,-0.248145,-2.640958,C2
3.135828,21.080498,0.288943,1.944583,C2
-0.63167,-3.202258,0.61349,0.92388,C2
0.556436,8.050127,-0.47906,-3.69859,C2
0.776504,10.598935,-0.030036,-2.252505,C2
4.188824,25.78185,0.962434,2.844363,C2
0.779952,-2.155084,-0.570229,-1.083531,C2
1.479874,3.321809,0.378103,0.19509,C2
-1.028263,3.442391,0.492559,-0.382683,C2
0.31229,9.903914,0.930713,-0.92388,C2
-0.119348,-8.320782,0.411638,0.55557,C2
0.6376,12.74054,-0.372521,-2.990084,C2
0.266813,-7.322077,-0.419365,-0.893117,C2
4.304515,18.515688,0.255371,2.187001,C2
0.164647,1.824941,-0.922127,-1.37858,C2
-2.099823,-3.042307,0.231717,0.980785,C2
3.906057,11.276888,1.899288,1.466419,C2
0.120161,5.682391,0.437315,0.382683,C2
0.800561,9.420994,0.567581,0,C2
0.045387,10.890497,-0.285777,-0.202497,C2
0.185564,-3.593905,-0.584248,-1.574094,C2
4.22983,10.568955,-0.566641,2.486672,C2
2.116543,17.62979,0.288432,-0.382683,C2
0.123509,7.589335,-0.183917,-1.637584,C2
0.485865,-4.680218,-0.970544,0.138529,C2
0.155213,3.33441,0.859721,0.92388,C2
0.056245,3.530647,-0.573431,-1.359105,C2
3.883258,11.167584,0.535645,1.269152,C2
4.966988,19.872477,-1.868706,1.08251,C2
3.495173,15.088487,-1.177975,1.175011,C2
1.187144,-2.07513,0.513245,0.83147,C2
0.496048,-1.974689,-0.748151,-0.80939,C2
4.000522,12.86621,-0.986953,0.466553,C2
0.628578,0.187764,-0.639406,-1.993605,C2
4.641541,19.708013,-0.3346,0.500827,C2
4.729728,19.101585,0.037575,2.237892,C2
4.30649,18.763281,1.381481,0.334189,C2
4.673501,16.492475,-0.63464,2.05584,C2
0.568901,-2.394837,-0.173976,-2.513642,C2
-0.196739,1.426161,0.433442,-1,C2
0.114611,-5.80093,0.490246,0.55557,C2
3.667211,17.16232,0.261318,2.795352,C2
0.262182,-1.186468,-0.889411,-1.754497,C2
4.333068,18.646298,-0.275411,1.338808,C2
0.181797,8.961218,-0.516956,-2.073671,C2
3.69632,21.012756,0.363124,0.137403,C2
1.166812,13.807925,0.712937,0.92388,C2
3.386157,19.134262,0.784496,2.512854,C2
3.5775,8.183583,-0.652719,0.984452,C2
0.620724,9.739952,-0.394368,-2.383198,C2
0.836793,-0.159593,-0.65712,-2.046997,C2
-0.536425,-10.688055,0.670785,0.382683,C2
3.359091,19.154072,-0.809487,1.51063,C2
3.039602,9.494545,-0.011535,1.177987,C2
0.937105,13.07633,-0.85572,-1.510689,C2
4.844806,17.473577,-0.395483,0.786445,C2
4.146233,19.16166,0.841232,1.486747,C2
0.353673,5.30677,-0.241636,-1.528186,C2
1.702127,-2.087042,0.897055,-0.55557,C2
3.322138,8.283415,-1.352272,1.825997,C2
0.368396,6.369791,-0.992633,-1.884282,C2
4.389983,10.931075,0.252748,2.908388,C2
4.700141,21.53775,0.493776,1.541047,C2
-0.23725,6.018136,0.858675,0.83147,C2
4.330216,12.926765,1.052062,0.85497,C2
-2.063004,-4.00345,0.178144,-0.19509,C2
4.257012,21.221541,-0.401296,2.406249,C2
0.454545,2.320133,-0.906482,-0.970537,C2
0.825611,1.10311,-0.201019,-1.115949,C2
-0.190587,-0.773487,0.472724,-0.19509,C2
3.24186,16.791502,-0.676225,0.954912,C2
4.710323,17.8584,-0.156873,1.230923,C2
4.809464,11.471335,-0.34083,0.565418,C2
4.832255,19.659688,1.559333,2.280849,C2
3.385842,13.084943,0.176397,2.14356,C2
0.370575,-6.512058,-0.475159,-2.874978,C2
0.887962,-3.996021,-0.168589,-0.743279,C2
4.236755,26.31139,0.952134,1.780622,C2
0.230258,8.127646,0.183474,0.980785,C2
4.588116,18.435701,-0.618968,1.805939,C2
0.153521,3.318787,-0.832389,-0.576319,C2
0.896427,4.891612,-0.552809,-0.814825,C2
3.04547,7.781235,-1.887227,0.284736,C2
3.255464,6.921853,0.945147,1.316779,C2
0.288832,8.719495,-0.811329,0.088922,C2
0.15827,-3.808302,-0.318675,-2.234232,C2
-0.353003,9.201024,0.417613,0.19509,C2
4.566588,26.228078,-1.097785,-0.666958,C2
0.574355,2.662406,-0.473534,-2.610602,C2
0.784474,-1.341279,0.243006,0.382683,C2
3.357717,8.429378,0.021585,2.182852,C2
0.13439,1.767941,0.335052,0.707107,C2
3.446567,24.460668,0.190083,1.340646,C2
4.707348,24.872918,-1.35719,1.501545,C2
0.505133,-1.083945,-0.560573,-1.715201,C2
3.11026,17.833016,-1.073349,2.32797,C2
1.186617,4.224301,0.107864,0.92388,C2
3.963323,22.225198,-0.905751,2.175574,C2
0.978432,-0.603366,0.335825,0.707107,C2
3.185816,7.695515,-0.391753,0.924193,C2
4.899303,29.431186,-1.379326,2.167192,C2
0.427336,0.593404,0.301916,-0.55557,C2
-0.588243,-0.375291,0.942569,-0.707107,C2
0.090786,-5.207242,-0.792548,-1.321433,C2
1.564925,13.740881,0.966659,0.92388,C2
0.926151,-0.572297,-0.42385,-1.807475,C2
4.506733,22.243859,-1.536316,1.254055,C2
4.52632,20.703596,2.084407,-0.481079,C2
-1.51769,-3.14045,0.312832,-0.707107,C2
3.132708,17.087039,-0.374353,1.427287,C2
0.407842,10.930195,0.806804,-0.382683,C2
3.955356,12.602343,-1.099303,0.518471,C2
1.411754,12.209325,0.232234,-0.707107,C2
0.365766,5.109712,-0.87243,-0.427842,C2
3.281998,23.163562,-0.379423,0.430993,C2
-1.879183,3.274262,0.955709,0.55557,C2
-0.999922,-3.87521,0.564673,0.83147,C2
4.714384,19.616073,-0.465714,1.644293,C2
4.971158,20.71915,1.610535,3.40643,C2
-0.738788,-2.480466,0.112654,0.707107,C2
0.454117,1.711046,-0.796041,-2.906715,C2
0.951056,14.442416,-0.345396,-1.867803,C2
0.074063,-7.921798,-0.018659,-0.755928,C2
4.267614,25.066071,-1.091187,1.406381,C2
1.24832,5.755742,0.343792,-0.707107,C2
4.776735,27.304952,0.052018,0.15602,C2
0.441701,-0.508041,0.342897,0.382683,C2
2.064542,10.600437,0.35256,0.707107,C2
4.790487,27.601518,-0.07934,1.905145,C2
-0.139954,-1.745559,0.221246,-0.55557,C2
0.032371,8.018411,0.626065,0.55557,C2
-0.001144,5.835624,0.867773,-0.980785,C2
0.971915,-0.714418,0.772962,-0.707107,C2
0.267015,-1.192577,-0.618506,-0.681519,C2
0.06267,-5.900562,0.796925,0,C2
0.947049,7.903885,-0.89731,-1.959347,C2
0.869365,9.250278,0.014808,-0.707107,C2
3.498846,5.958715,0.277687,2.359557,C2
-1.595263,-5.373756,0.377526,0.83147,C2
0.432506,-4.282104,-0.933323,0.539958,C2
3.43514,8.874576,0.325604,2.753744,C2
-0.263219,8.496718,0.778294,-0.55557,C2
0.475008,7.516833,-0.894045,-0.13242,C2
3.464272,20.591763,0.236408,0.702219,C2
0.232988,11.752113,-0.21538,-1.948078,C2
4.725241,21.466348,0.594775,2.90997,C2
0.557106,2.957266,0.654376,-0.92388,C2
0.693406,0.179206,-0.765277,-0.72237,C2
3.817778,20.924353,1.312094,2.171123,C2
4.99127,28.434152,-1.951253,1.431582,C2
0.047275,-6.779574,-0.662373,-1.842564,C2
0.446278,-3.569601,-0.467444,-0.733097,C2
0.530075,0.906608,-0.6251,-0.92908,C2
0.756955,0.859786,-0.685582,-2.670198,C2
0.408515,10.464489,0.255393,-0.382683,C2
-0.382749,5.328752,0.734358,0,C2
4.43196,15.673855,-0.327269,2.711772,C2
4.343914,9.328897,0.2039,1.956942,C2
0.368124,-6.672761,0.723904,0.707107,C2
4.882337,14.759913,0.352832,0.668271,C2
0.224604,10.36792,-0.970271,-0.507799,C2
3.15873,9.592088,1.610348,2.780059,C2
0.871414,14.000226,-0.03145,-0.653804,C2
3.345706,18.719752,0.597117,3.266862,C2
4.097707,20.218634,0.127695,0.777763,C2
-0.29257,7.933057,0.628458,0.707107,C2
4.834121,14.523502,1.119194,1.036518,C2
0.791249,-1.443156,-0.796801,-1.174537,C2
0.015016,-8.881403,0.569135,-1,C2
4.263853,9.547758,0.558734,0.614082,C2
4.690899,14.353523,-1.908083,1.718862,C2
4.891947,18.677114,1.192665,0.290695,C2
0.934031,-3.624871,0.011923,0.92388,C2
0.970378,1.814402,-0.215137,-1.411483,C2
0.387768,-6.224564,-0.75047,-0.548182,C2
3.65352,21.001278,0.682459,0.989406,C2
3.260349,19.550937,0.1684,0.819392,C2
-0.401885,-0.521121,0.594496,-0.92388,C2
3.661946,20.655301,-0.685279,1.637612,C2
4.674505,25.224427,0.590096,1.36955,C2
3.292081,9.868767,-0.338695,1.907499,C2
4.183628,8.276489,-0.640497,3.54949,C2
3.508325,13.610637,2.129862,0.545453,C2
4.343813,17.320885,-0.241519,0.348536,C2
3.801454,23.935252,-1.470575,1.339106,C2
4.000049,12.421866,-0.205771,1.342719,C2
1.857943,13.707244,0.56663,-0.83147,C2
-0.496016,5.244513,0.537113,-0.382683,C2
0.654222,2.083043,-0.204027,-1.186439,C2
0.445122,-1.440396,-0.361693,-1.195018,C2
3.95974,14.308999,0.008435,1.269013,C2
0.264752,3.198228,-0.129769,-2.284224,C2
3.795233,25.736211,-0.099005,1.977982,C2
-0.170977,-4.404117,0.858871,0.980785,C2
3.016108,14.185156,2.207946,0.370719,C2
0.553514,-0.338671,-0.396588,-2.583577,C2
-0.356181,3.820215,0.593229,-0.382683,C2
0.604477,0.577445,-0.065303,1.216999,C2
-0.283113,-6.041858,0.197281,-0.707107,C2
-1.012017,-10.811249,0.422901,0.55557,C2
4.685614,20.250302,1.161688,0.008738,C2
4.765144,25.036044,0.601918,-0.38047,C2
1.015507,3.539012,0.001115,0.707107,C2
3.19368,10.732511,0.309811,2.15126,C2
0.557585,-6.567409,-0.075718,-3.028121,C2
0.955232,11.652678,-0.77993,0.105672,C2
-0.056785,3.58535,0.01085,0,C2
3.643909,12.709261,0.700032,1.02489,C2
0.688764,-0.643906,-0.897594,-3.166981,C2
4.597638,26.382134,0.154568,3.228917,C2
0.838629,2.164683,-0.387824,-1.284142,C2
0.640512,7.799742,-0.235618,-2.68018,C2
4.970882,30.123421,-1.847068,0.892099,C2
4.07024,18.041816,-1.132407,1.652065,C2
-2.024895,-14.843577,0.267363,0,C2
3.261423,20.597579,0.379541,2.027881,C2
4.736036,15.233764,-0.184644,2.135473,C2
0.925043,-3.612776,0.43817,-0.83147,C2
-0.443086,7.706244,0.527223,0.382683,C2
0.555671,9.753198,0.33798,-0.83147,C2
0.398808,2.919211,-0.242357,-0.632297,C2
-1.186529,-8.034822,0.783313,-1,C2
-1.237819,-2.90053,0.769607,-0.980785,C2
-0.045933,-1.199864,0.332718,0.382683,C2
3.247788,18.260602,0.203879,2.630807,C2
-1.569708,-1.980588,0.09768,0.382683,C2
0.282674,8.549268,0.299945,0.92388,C2
3.845639,20.413135,-0.009017,1.501829,C2
0.746316,12.929281,-0.777852,-2.516794,C2
0.486886,-0.789877,0.139524,-0.19509,C2
-1.121658,-1.014312,0.710862,-0.707107,C2
0.074974,-2.438752,0.768664,-0.55557,C2
3.542811,7.882819,-0.118199,-0.21287,C2
4.071348,17.478988,-0.524807,1.360924,C2
0.933518,11.525693,-0.678156,-1.899941,C2
0.352426,-3.887362,-0.448803,-1.221319,C2
-1.384837,-13.793696,0.341608,0,C2
0.333388,-1.91052,-0.843605,-1.328533,C2
3.312534,19.130574,-0.594688,2.545923,C2
-0.490479,-8.593454,0.870539,-0.83147,C2
4.039444,9.59498,0.214334,1.414427,C2
3.644426,16.41614,0.390122,1.799694,C2
-1.482021,-4.938573,0.306195,-0.707107,C2
0.231311,5.281132,-0.429684,-1.721277,C2
4.207065,24.283376,-0.562619,2.580094,C2
4.737485,20.142654,-0.355446,1.700625,C2
0.294912,11.665888,0.203003,-0.83147,C2
0.58566,7.385933,-0.234413,-1.713027,C2
0.278201,1.957997,-0.858687,-0.636,C2
4.911837,12.583009,0.097313,1.366799,C2
4.816508,26.277819,-0.11119,1.141973,C2
3.435793,9.456433,-0.563951,1.888412,C2
4.880481,18.186995,0.805992,2.437532,C2
4.465845,27.201722,-0.44148,2.051448,C2
0.529665,0.85922,-0.414727,-1.001502,C2
0.511542,6.00227,0.331361,1,C2
0.040535,-6.292228,-0.821551,-0.129919,C2
2.481097,19.976805,0.45012,0.19509,C2
-1.486983,3.739295,0.416158,-0.980785,C2
-0.39707,-0.124488,0.270404,0.707107,C2
3.419734,23.463896,-0.062612,1.37814,C2
3.628379,24.994721,0.801679,0.690795,C2
0.763412,4.980913,0.625676,-0.707107,C2
0.386615,0.771751,0.580796,0.707107,C2
-1.227203,-7.052276,0.475388,0.707107,C2
0.185775,9.884942,0.876842,-0.83147,C2
0.435266,-0.342703,-0.703716,-1.527191,C2
3.644385,12.790654,-0.69221,1.927982,C2
3.576205,23.820546,0.70286,0.223528,C2
1.791095,3.826786,0.57471,-0.707107,C2
4.610754,13.836975,-1.275522,2.457967,C2
3.792837,20.486899,-0.663177,2.62942,C2
4.806318,21.795472,1.891485,0.264537,C2
0.976235,13.151391,-0.186729,-1.571603,C2
0.749184,7.107267,-0.081004,-1.393937,C2
3.325965,18.53208,0.006335,1.333316,C2
1.131299,15.350225,0.819366,0.83147,C2
3.785557,18.55346,2.032661,1.752551,C2
0.806302,0.639386,-0.320271,-2.567384,C2
3.559143,23.375994,-0.413493,2.253554,C2
4.359833,12.32136,-1.50701,1.207476,C2
1.472481,8.223737,0.23184,-0.980785,C2
0.637096,2.830996,-0.672216,-1.397638,C2
0.780155,3.122966,0.599556,0.707107,C2
0.325144,-0.603449,-0.517609,-1.70061,C2
4.695692,15.680423,-0.468377,1.954617,C2
0.046844,-3.418769,-0.673252,-2.765807,C2
0.763831,-1.308681,0.517004,0,C2
-1.5312,-11.375197,0.305094,-0.707107,C2
4.14955,22.460601,-0.007485,1.988675,C2
0.138539,11.233758,-0.902122,-3.445444,C2
3.825302,12.114229,0.555863,0.299246,C2
0.07692,-3.296106,0.864806,-0.980785,C2
0.180648,-4.769435,-0.007583,-1.901345,C2
3.814879,7.339683,1.493066,3.058906,C2
3.709442,25.016859,0.416985,1.018666,C2
0.33968,3.680021,-0.582615,-1.525319,C2
1.007869,3.936489,0.112043,0.707107,C2
0.762752,-5.005962,-0.761073,-1.17421,C2
0.25896,-0.323023,0.767172,0.980785,C2
0.583633,6.548805,0.262019,0.19509,C2
0.917034,0.653098,-0.219882,0.212184,C2
4.220669,9.160137,-0.70901,0.547576,C2
0.488285,2.716205,-0.40789,-1.728585,C2
3.188801,11.014929,0.470781,2.771598,C2
-0.461813,-7.612014,0.867206,0.980785,C2
0.751218,1.02645,-0.966967,-1.70544,C2
0.678821,3.64948,-0.742374,-1.206321,C2
4.502513,9.936161,-1.236409,0.354566,C2
3.362688,21.391845,-1.938666,2.982109,C2
4.815271,27.998689,-0.836267,0.805312,C2
4.875672,25.244134,-0.356454,0.625796,C2
0.203116,-2.544644,-0.058063,-2.876531,C2
0.661511,13.531239,-0.022278,-1.834248,C2
3.06147,6.075165,1.466689,0.977148,C2
0.137076,8.705877,0.205986,0,C2
1.460203,-1.428581,0.69041,-0.55557,C2
4.541154,16.400161,-0.748679,0.389493,C2
3.74236,16.004679,0.481918,2.802988,C2
-1.516819,2.417471,0.65751,0.19509,C2
-1.361811,-1.746826,0.62326,-0.382683,C2
0.958227,-1.018641,0.043775,-0.707107,C2
4.791893,21.031009,0.21408,1.836573,C2
4.076944,8.664148,0.083168,-0.175309,C2
3.563073,10.136373,0.913577,0.523517,C2
4.230558,8.29652,-1.62942,2.373457,C2
-1.098751,2.356275,0.565391,0.92388,C2
3.713593,13.022208,0.314745,2.75952,C2
3.222015,6.318966,0.756506,1.617547,C2
4.615188,20.81396,1.244331,1.682351,C2
3.771961,20.898781,0.862432,0.618566,C2
0.783752,5.26983,-0.477832,-1.304424,C2
0.214264,6.39433,-0.639808,-1.616821,C2
0.600447,3.318365,-0.74279,-2.491423,C2
2.244122,10.446295,0.205923,-0.382683,C2
0.222265,9.689325,-0.269253,-1.302411,C2
2.109418,12.097741,0.102376,0.382683,C2
0.73049,9.536058,-0.971309,-1.39576,C2
0.785854,-3.550349,-0.249276,0.406389,C2
3.647039,23.016282,-1.873667,2.546299,C2
0.248569,-7.975393,-0.127931,0.873019,C2
4.895433,21.718901,-0.296452,1.775032,C2
-0.661629,-11.439162,0.488286,0,C2
0.826064,5.946919,-0.198343,-2.978348,C2
-0.338979,-0.269701,0.798039,-0.382683,C2
3.75324,25.261752,-2.292036,2.02185,C2
0.979107,11.18984,-0.324121,-0.83134,C2
4.128897,27.449536,0.932138,2.641473,C2
4.86248,15.209454,-0.836993,0.065651,C2
0.823339,7.053509,0.847392,-0.55557,C2
0.611508,-1.99019,-0.901548,-1.24702,C2
0.85639,-3.26259,-0.537741,-2.909238,C2
-0.842325,7.171362,0.907261,0.980785,C2
0.059268,4.512192,-0.812028,-2.158866,C2
3.887499,18.889852,-0.061655,2.460815,C2
0.730693,-2.589954,-0.727266,0.061608,C2
1.229198,-0.266672,0.347674,0.19509,C2
-0.557537,-7.762666,0.512338,-0.980785,C2
0.236471,3.360665,-0.96159,-1.939773,C2
0.570221,5.613112,-0.035538,-1.414764,C2
0.448162,2.605913,-0.080837,-3.631547,C2
0.166665,1.547325,-0.873675,-0.574876,C2
0.960053,2.482529,-0.255687,-0.519921,C2
3.922391,18.317289,-1.064988,1.02598,C2
-2.82999,-15.588921,0.717846,0.83147,C2
0.449889,2.5286,0.940709,-0.19509,C2
-0.894277,-3.986902,0.403843,-0.83147,C2
-0.388666,-9.88328,0.588021,0.92388,C2
0.061513,6.561448,-0.426124,-0.774441,C2
1.023086,11.300283,0.054839,0.83147,C2
0.198552,-7.933877,-0.331367,-1.777003,C2
-1.081523,-9.842993,0.719095,-0.92388,C2
-0.594887,-6.778489,0.380034,-0.55557,C2
3.529011,16.906474,1.352359,0.668742,C2
3.350342,24.276952,0.424036,2.937145,C2
2.557004,5.959005,0.981144,0.92388,C2
0.656413,13.497902,-0.880757,-2.02293,C2
0.799069,7.327629,-0.354625,-2.360516,C2
3.094354,14.656225,-0.30766,1.507098,C2
0.127426,0.522734,-0.701459,-0.641648,C2
4.965246,21.775977,0.555377,1.029197,C2
-0.421784,7.820872,0.956935,0.92388,C2
3.839144,21.829447,-0.201252,2.373562,C2
4.191387,24.88335,0.21231,2.903668,C2
3.399984,24.125887,0.469122,1.696779,C2
0.683756,3.967875,-0.670418,-0.488158,C2
0.44677,12.557143,-0.440654,-2.433221,C2
-0.344337,-1.387608,0.903314,1,C2
0.657393,1.607938,-0.766309,-2.447572,C2
0.09506,-4.312855,-0.802539,-2.334765,C2
1.784016,0.70538,0.926819,-0.55557,C2
4.957018,11.685219,-0.361842,2.427963,C2
4.798639,12.307712,-0.376805,0.870292,C2
3.093563,16.113919,-0.042108,1.068372,C2
4.844719,20.130318,-0.338843,0.231392,C2
0.062068,-0.069129,-0.557729,-0.88314,C2
3.940747,14.429697,1.671725,0.292713,C2
-0.880607,-6.116208,0.315495,0.980785,C2
0.687369,2.543328,-0.132288,-2.256751,C2
0.956773,5.154368,-0.748487,-3.609232,C2
4.41038,26.528379,0.670844,2.543678,C2
0.088597,7.101271,-0.92351,-3.697216,C2
3.22864,12.299585,0.688123,2.423225,C2
3.305291,18.752873,-0.057512,0.28721,C2
4.60952,14.818858,-0.142498,3.245004,C2
1.308305,0.001175,0.417174,0.707107,C2
0.07136,-7.541623,-0.679497,-1.575398,C2
3.222117,15.172031,-2.407504,1.822892,C2
-0.381387,2.591918,0.145583,-0.19509,C2
0.31189,-2.094737,-0.60171,-0.880754,C2
0.485972,6.322378,0.654256,0.382683,C2
-0.501036,-5.362451,0.823077,0.382683,C2
0.241366,-6.959795,-0.242552,-4.76601,C2
3.379588,21.661064,0.664285,3.323239,C2
4.277022,9.126379,-0.40752,1.78678,C2
0.836502,2.702242,-0.682217,-2.184498,C2
3.062374,20.802692,-0.312921,-0.056014,C2
0.344757,-2.066984,-0.313123,-0.705644,C2
0.511888,11.812692,-0.601885,-2.307627,C2
4.045901,10.86661,-2.316879,2.606176,C2
4.918185,17.525714,1.213351,1.154277,C2
0.180719,-6.049875,0.833114,-0.55557,C2
-0.761438,2.874768,0.522243,-0.55557,C2
0.421892,8.106438,-0.942951,-1.371902,C2
-1.197357,6.081353,0.302059,-0.83147,C2
0.111467,0.825129,0.725681,0.55557,C2
0.658993,9.657673,-0.856734,-1.587071,C2
4.971598,20.688789,0.762348,1.655815,C2
0.35181,5.309897,-0.876119,-0.349657,C2
0.224968,6.084957,-0.815525,-2.414322,C2
0.955728,8.010023,-0.593468,-0.762225,C2
0.355016,-0.901481,-0.277456,-1.059481,C2
3.02264,6.746505,1.674424,1.628528,C2
4.735574,29.571072,-0.201961,0.778889,C2
-0.206253,-5.417959,0.853623,-0.83147,C2
3.90361,23.861648,-0.20729,1.640069,C2
0.39789,0.903853,-0.956968,-1.405717,C2
0.442748,-0.75213,-0.70838,-3.434825,C2
3.365918,16.479953,-1.391811,0.9229,C2
0.691869,1.227825,-0.136933,-3.044667,C2
-0.605734,-7.704199,0.976684,-1,C2
4.816884,21.671467,-0.453823,3.484785,C2
0.553994,6.953134,0.803457,-0.19509,C2
4.653617,9.945472,0.862218,1.324569,C2
4.144545,18.664744,0.878785,2.218847,C2
3.662202,23.34401,-0.348198,1.130166,C2
0.71668,3.644696,-0.959506,-1.40382,C2
4.399116,21.019361,-0.355764,1.087041,C2
0.627933,8.623251,0.379406,-0.382683,C2
-0.993719,-11.785344,0.299469,-0.707107,C2
0.019817,0.666479,-0.515701,-1.34853,C2
4.937937,25.557743,0.516592,2.865081,C2
4.374716,27.970432,1.203364,1.481354,C2
0.175685,-1.276054,-0.812743,-1.194044,C2
-0.84523,2.99617,0.529071,0.382683,C2
3.628938,18.683565,1.014526,3.689742,C2
4.803483,22.198114,0.486742,1.347837,C2
0.668159,2.60428,-0.845135,-2.007979,C2
3.391156,15.018862,-0.818603,2.131871,C2
0.740209,0.696918,-0.419239,-0.293176,C2
1.95184,2.914934,0.075038,-0.382683,C2
-0.334945,0.134622,0.200139,0.19509,C2
-2.010588,-9.463223,0.967871,0,C2
0.928143,5.714962,-0.053117,-0.71569,C2
3.865947,23.657062,0.488903,1.830924,C2
0.234463,10.63755,-0.310042,-2.603214,C2
1.963771,13.16368,0.987744,-0.92388,C2
0.035598,1.861286,-0.639146,-0.476218,C2
0.716629,0.813874,-0.666144,-1.000378,C2
0.611936,3.141979,-0.10437,-1.254308,C2
0.905805,0.118182,-0.314952,-1.946892,C2
3.281876,15.819458,0.306893,1.491429,C2
3.063109,20.212548,0.59285,1.673117,C2
0.956121,5.233119,-0.640723,-0.742594,C2
0.678931,-5.324467,-0.397156,0.651744,C2
3.792855,19.801719,-1.907002,1.857109,C2
3.97154,8.398192,-2.13909,0.783691,C2
4.491079,24.883398,0.793014,2.12179,C2
0.701678,-0.474018,-0.292916,-1.307487,C2
-0.707611,-9.851953,0.831045,0.980785,C2
-0.267118,-0.179702,0.687585,0.55557,C2
0.431927,12.471973,-0.348142,-0.361657,C2
3.814191,15.044363,1.171243,1.663403,C2
-0.679978,1.896084,0.404971,0.980785,C2
0.39911,11.966439,0.201469,0.19509,C2
0.433456,5.401132,-0.365214,-0.541199,C2
0.311043,-4.197078,-0.049542,-1.189145,C2
0.618975,5.426513,0.879718,-0.382683,C2
-0.016555,0.587816,0.232063,-0.707107,C2
0.614223,3.82087,-0.295703,-1.142048,C2
0.257728,-4.778941,-0.431266,-2.242706,C2
4.759572,18.692857,-0.63256,1.752853,C2
4.18229,26.561403,-0.254514,1.405137,C2
4.407959,10.132172,1.20128,3.251416,C2
4.154386,20.07492,0.337799,2.601172,C2
3.192458,21.638215,0.644177,1.498757,C2
0.054972,-0.681173,-0.579616,-0.477824,C2
-0.078775,3.479341,0.870525,-0.707107,C2
0.493155,-2.201341,-0.163857,-1.406372,C2
-0.485025,8.025709,0.985394,1,C2
4.910228,27.468927,2.242987,1.740649,C2
-0.839971,5.87171,0.925698,0,C2
1.800355,17.287772,0.807103,0.707107,C2
0.755929,12.07477,-0.503934,-0.858012,C2
1.069219,0.545032,0.079184,-0.83147,C2
4.060664,10.491513,0.287803,1.115272,C2
0.990057,12.487737,-0.28912,-1.999036,C2
0.034615,5.921476,0.382318,0.19509,C2
4.36605,19.306212,-0.599441,0.323137,C2
0.361998,-0.134254,-0.319045,-1.505055,C2
0.148766,5.248224,-0.204433,-2.248165,C2
-1.320831,-0.008922,0.910654,0.382683,C2
3.07117,20.872359,-0.550653,1.648602,C2
4.22194,21.169306,-0.721288,3.173252,C2
3.054002,22.468811,1.059628,2.535214,C2
0.342973,11.571351,0.194329,-0.92388,C2
0.610333,6.697636,-0.221948,-1.883858,C2
0.549671,-3.293819,-0.11794,-2.657699,C2
4.841928,28.804153,-1.418836,3.690702,C2
0.21192,0.86497,-0.606588,-1.182863,C2
0.607077,10.343189,0.517937,-0.92388,C2
0.204985,0.018983,0.381684,-0.55557,C2
-0.644292,7.156965,0.294498,-0.55557,C2
0.308377,-6.632671,-0.376404,-1.411047,C2
3.954988,7.858125,-1.433275,0.764415,C2
1.829191,13.349725,0.194885,-0.83147,C2
3.951556,7.313915,0.589361,1.609199,C2
0.69584,-5.538227,-0.646316,-0.264983,C2
0.061652,2.410524,-0.069882,-1.841868,C2
1.266637,-0.695184,0.483215,0.83147,C2
0.825984,8.85944,0.517193,-0.83147,C2
3.683272,12.269683,-0.243953,1.171491,C2
4.302413,21.303698,0.858904,0.803237,C2
0.299868,9.040428,-0.024338,-0.356735,C2
0.039722,0.128011,0.273535,-0.83147,C2
0.988443,3.424492,-0.246627,-0.814885,C2
3.811195,9.612903,-1.264644,2.956921,C2
0.413913,-6.302817,-0.700911,-2.932808,C2
0.096045,1.926053,0.331588,-0.83147,C2
-0.209861,5.868932,0.738186,0.83147,C2
0.601295,1.870414,-0.439256,-1.037969,C2
4.646065,17.641191,-0.423286,0.170574,C2
4.43851,16.989977,-0.76041,1.561972,C2
0.216025,10.000115,-0.118212,-0.261251,C2
3.048445,17.425154,-1.629118,1.804654,C2
0.802268,11.009866,0.342447,0.980785,C2
3.324898,6.644718,0.149028,2.469326,C2
0.515068,7.673337,0.049431,-0.92388,C2
0.211321,-3.242154,-0.351273,-1.088052,C2
0.61682,5.174844,-0.924152,-1.820041,C2
4.025525,18.125693,1.000456,1.669263,C2
4.384123,28.347787,-1.060035,1.142212,C2
-2.295487,-4.032509,0.058811,-1,C2
0.082606,-5.252493,-0.439276,-0.709956,C2
4.686515,22.476654,-0.297554,2.711446,C2
0.184545,8.196991,-0.73154,-1.355328,C2
-0.096726,-2.282182,0.851221,0.980785,C2
0.73886,-2.133154,-0.675927,-1.160287,C2
4.715453,24.299296,1.054899,1.958078,C2
0.498323,7.946721,-0.587683,-1.52254,C2
4.359244,9.218531,-0.513919,0.461422,C2
0.825376,-2.317991,-0.315679,-0.385712,C2
0.421831,-3.569122,-0.979957,-1.21677,C2
-0.233126,2.552134,0.192081,0.19509,C2
0.927878,11.626324,-0.099714,-1.947913,C2
2.40778,19.829996,0.974668,0.83147,C2
0.164854,-5.528018,-0.505161,-1.767418,C2
0.260856,6.145704,-0.841331,-0.761338,C2
0.761393,1.949573,-0.595185,-3.372555,C2
4.452743,27.53054,-0.108189,0.037515,C2
3.16953,17.870816,-0.465182,4.134935,C2
0.33217,1.405672,-0.648625,-2.609962,C2
4.154281,15.45236,-1.096121,1.054124,C2
3.681899,22.750973,-0.645218,2.262227,C2
3.89251,14.820986,-1.039235,2.775616,C2
0.504157,4.045358,-0.477497,-1.731692,C2
4.589733,23.888355,0.64427,2.903916,C2
4.076648,15.430164,-1.880067,0.265932,C2
0.308839,8.215357,0.169304,-0.382683,C2
4.510247,21.142484,-0.087994,-0.151702,C2
0.591873,5.673755,-0.797987,-0.492038,C2
0.139211,9.710481,-0.841216,-1.41388,C2
0.555729,10.255771,-0.364378,-2.318243,C2
0.791988,12.94039,-0.653808,-2.473454,C2
-0.235219,-4.768665,0.689507,0.19509,C2
0.072475,-3.402139,0.584739,-0.980785,C2
-0.012356,-4.624952,0.629421,0.980785,C2
0.493845,-2.652138,-0.781709,0.592456,C2
0.736645,2.530034,-0.808073,-3.225377,C2
0.046601,7.093875,-0.073531,-1.518544,C2
-0.453272,-1.302337,0.131791,-0.980785,C2
3.999145,17.186858,0.717699,0.298062,C2
0.382465,8.71094,0.447045,-0.83147,C2
3.15578,14.323624,-0.082736,2.560316,C2
3.389072,21.900627,0.466513,0.96822,C2
0.102281,-5.282222,0.160519,0.707107,C2
0.187238,11.109114,-0.939447,-1.035057,C2
0.038449,10.163818,-0.759458,-1.709948,C2
4.628276,26.600075,-0.954746,-0.894765,C2
0.943004,-3.083383,0.041564,0.92388,C2
3.576299,23.165059,0.064159,0.491434,C2
4.887226,24.13692,0.840388,0.830267,C2
4.180104,23.21381,-1.791607,1.94608,C2
1.547608,-0.279178,0.999441,0.83147,C2
4.661508,16.650267,0.401598,2.469418,C2
0.006494,10.211324,0.193124,1,C2
3.017971,8.604514,-0.188407,0.162132,C2
0.001113,5.766475,-0.586203,-2.518595,C2
3.696863,25.431758,-0.892644,0.102752,C2
3.316333,17.313944,0.95948,1.686788,C2
4.99266,18.430584,-0.872078,2.74676,C2
4.151624,26.678259,1.136029,2.030183,C2
4.214478,22.827512,-0.423312,0.781364,C2
0.862633,2.89827,-0.759313,-2.623269,C2
0.396262,11.737347,0.798672,0.55557,C2
0.780646,13.512646,-0.982883,-0.549787,C2
0.292097,1.237682,0.15533,-0.55557,C2
0.535167,13.031375,-0.778049,-0.702008,C2
-2.779067,-13.609572,0.562649,-1,C2
0.260284,1.387919,-0.706914,-1.161376,C2
0.227191,-0.62717,-0.278553,-0.678632,C2
4.418286,22.090035,-0.663132,-0.385647,C2
4.604993,28.702421,1.221348,1.860978,C2
0.088614,0.574033,-0.761813,-1.211242,C2
1.123068,5.224274,0.538577,0.980785,C2
0.341138,-5.195821,-0.221424,-0.151301,C2
3.14365,17.000539,-0.080524,1.075704,C2
0.193255,2.86678,-0.763967,-0.248763,C2
0.164801,6.963901,0.539097,0.83147,C2
0.825656,3.027869,-0.808273,-2.913183,C2
0.078718,-1.413381,-0.928627,-2.102117,C2
4.985044,20.312461,1.268983,1.50554,C2
0.89461,10.378405,0.419094,-0.980785,C2
3.477277,5.26978,-0.465258,0.873318,C2
4.1533,16.648418,-0.357635,1.441125,C2
1.146128,13.239825,0.468927,-0.19509,C2
0.597265,-1.952725,-0.021407,-1.791744,C2
-0.320443,-3.003591,0.322805,0.83147,C2
4.263783,12.213375,1.008446,2.200043,C2
4.771028,20.286854,0.454518,1.884143,C2
-0.97101,2.586682,0.896292,0.92388,C2
0.563823,-0.017093,-0.513898,-3.048502,C2
4.616516,14.914235,1.167664,1.595932,C2
4.860632,13.401793,-0.86573,2.958864,C2
0.353196,0.286652,0.28683,-0.55557,C2
0.712543,-5.417159,-0.779152,-0.481441,C2
-0.013683,9.510593,0.104896,0.92388,C2
0.081634,3.909096,-0.284719,-2.059503,C2
0.062556,8.334012,-0.824903,-2.208948,C2
4.106207,13.552679,-0.540523,2.795746,C2
0.892457,2.274838,-0.186286,-1.419467,C2
-0.588565,5.440756,0.804454,-0.382683,C2
-0.330958,9.438994,0.409233,0,C2
0.574238,6.173691,-0.580591,-2.539241,C2
0.812319,0.062261,-0.808967,-2.031123,C2
0.761258,9.154733,-0.91198,-1.760254,C2
0.56001,-0.897503,0.820262,0,C2
0.731669,7.781219,0.380067,0.55557,C2
3.354874,12.002927,0.427189,-0.363454,C2
0.613892,-4.251762,-0.512519,-1.953833,C2
4.771423,23.727799,-0.025876,3.334113,C2
0.347394,5.239223,-0.942921,-1.363373,C2
-0.101148,4.654154,0.977595,0,C2
1.054358,4.551648,0.667379,1,C2
1.123434,-1.798965,0.695744,-0.980785,C2
3.121875,15.19517,-1.096725,2.100927,C2
0.049133,-1.835413,-0.865635,-2.955244,C2
0.4276,-6.426353,0.998592,-0.382683,C2
0.224882,2.825093,-0.350648,-0.767227,C2
-0.8942,-9.980768,0.973039,-1,C2
0.393115,10.688963,-0.933004,-1.941506,C2
0.584148,6.441843,-0.90545,-0.143989,C2
0.917497,11.284811,-0.683283,-0.509975,C2
0.803234,1.137258,-0.415419,-0.006183,C2
4.125269,9.766271,0.526458,2.240405,C2
1.725469,5.972075,0.85889,0,C2
3.444445,9.47523,-0.922359,0.96871,C2
0.205701,4.719961,-0.699401,-2.15958,C2
4.265878,11.489132,-0.480904,1.529507,C2
-0.756797,0.127493,0.105747,-0.382683,C2
0.896464,11.577898,-0.674553,-1.651265,C2
3.556145,21.799096,0.755411,2.886317,C2
-0.382338,2.433572,0.653049,-0.83147,C2
0.059781,-0.171496,-0.572278,-1.40785,C2
3.68565,10.492158,0.68011,1.109326,C2
4.797286,21.499294,1.374112,2.197696,C2
-0.392204,3.126456,0.704446,-0.19509,C2
0.172814,6.25318,-0.523718,-2.282531,C2
0.016117,-4.70606,-0.973117,-0.369688,C2
0.067848,4.300958,0.911296,0.19509,C2
0.743946,8.172856,-0.639286,-3.733655,C2
2.004091,2.231092,0.956229,-0.55557,C2
0.161746,6.487107,-0.453073,-1.49214,C2
0.30371,-7.109599,-0.284504,-1.311943,C2
-0.493277,-10.968,0.359034,-0.19509,C2
0.864629,2.47129,-0.019911,-1.94944,C2
4.617937,24.168689,3.030087,1.67043,C2
-0.666181,7.131588,0.873033,0.980785,C2
0.019792,-2.50273,-0.233781,-1.429648,C2
0.222587,3.236218,0.232124,-0.92388,C2
-0.282726,0.034388,0.696487,0.382683,C2
0.866947,12.394525,-0.519553,-4.262575,C2
4.475263,24.412795,-0.404537,1.791851,C2
0.494621,9.223292,-0.559717,-1.391037,C2
4.80923,18.530574,1.423169,1.816678,C2
0.715187,1.570915,-0.307799,-1.95463,C2
-0.696528,-0.787746,0.474622,0.707107,C2
-0.349859,-0.675287,0.075475,-0.707107,C2
0.383653,-2.813243,-0.952376,-1.263382,C2
1.662945,7.045021,0.51196,0.707107,C2
0.731725,2.862241,0.741244,0.92388,C2
3.802547,23.689149,-0.352146,2.513776,C2
0.645463,0.791815,0.108778,0.83147,C2
0.14903,-5.322502,-0.251895,-1.730453,C2
-0.835628,5.962747,0.455881,-0.707107,C2
1.125067,14.086015,0.382472,-0.55557,C2
3.47912,8.139351,-0.284276,1.259406,C2
0.509579,-1.328311,-0.915602,-1.077858,C2
0.5861,-0.515329,-0.172231,-1.755791,C2
2.884741,7.128925,0.48729,-0.980785,C2
0.543598,-5.412286,-0.46488,-0.319917,C2
-0.305274,-1.110576,0.755354,-0.83147,C2
3.148591,14.155232,0.901349,1.270678,C2
4.227865,15.160799,0.728403,1.151361,C2
3.869611,19.358008,2.023268,1.932797,C2
0.6032,4.610881,-0.003051,-1.119315,C2
3.574642,18.626388,0.304698,1.044222,C2
3.617315,10.446541,0.633081,0.500378,C2
3.041502,6.192218,-1.069353,1.473114,C2
4.989424,23.257648,0.699898,0.552385,C2
0.984231,8.697291,-0.947345,-2.457663,C2
3.593358,20.483291,-0.117667,0.664162,C2
3.707286,16.209456,-1.388603,0.765496,C2
3.076562,6.70146,1.569068,1.06443,C2
-0.5497,8.055494,0.647458,0.980785,C2
-0.038124,0.311577,0.445165,0.55557,C2
4.1381,25.089822,-0.500498,-0.232758,C2
-1.094949,-7.330115,0.232672,-0.19509,C2
3.598516,21.090165,0.647508,1.458744,C2
0.523171,-5.377252,-0.704553,-2.382556,C2
-1.506478,-8.190483,0.039049,-0.92388,C2
3.917434,13.066638,-1.870727,-0.963368,C2
-0.019658,4.097534,0.317702,1,C2
-0.664887,-4.875383,0.941987,0.83147,C2
0.197294,9.633153,-0.448936,-3.02383,C2
-0.945667,-2.073221,0.623531,0.55557,C2
3.183395,11.670005,-0.500832,3.359667,C2
0.428265,-7.231689,0.901055,0.19509,C2
0.90576,-2.786226,-0.92571,-2.456157,C2
0.081757,-5.408781,-0.711704,-0.261015,C2
0.594057,7.560929,-0.254792,-1.226192,C2
0.144881,-7.289957,-0.184369,-1.556266,C2
4.837262,18.589866,1.567366,0.812331,C2
0.000151,-1.843431,-0.108113,-2.466706,C2
3.86474,24.576285,-0.881702,1.727977,C2
3.820382,20.407597,-0.622492,1.784058,C2
0.590605,-0.016143,-0.507323,-1.511834,C2
-2.950021,-1.591288,0.164458,0.55557,C2
3.3284,10.571316,0.590216,2.545316,C2
3.987589,17.066178,0.175904,1.899523,C2
-0.093998,2.57336,0.655347,-0.83147,C2
0.099606,10.481362,0.453984,-0.19509,C2
4.181014,18.296721,1.110724,0.884857,C2
0.81311,11.193358,-0.75591,-2.389438,C2
-0.878261,-10.68644,0.33278,0.19509,C2
3.381668,11.736588,-1.370803,0.984409,C2
0.330821,-4.223932,-0.697754,-2.089969,C2
0.932273,-5.202312,-0.865833,-1.034533,C2
4.332104,13.600138,0.343264,1.25717,C2
3.948898,21.197357,0.421716,3.14792,C2
0.407235,3.061006,0.59714,0.92388,C2
0.270414,-1.697102,0.822882,0.707107,C2
4.412077,21.317287,-0.162646,1.511698,C2
0.922592,8.038224,-0.245704,-0.376089,C2
0.618232,10.253587,0.032875,-0.83147,C2
4.667446,28.552383,-0.452869,-0.029357,C2
0.621537,0.700845,-0.663945,-1.987222,C2
0.15029,-5.143742,-0.302526,-1.095878,C2
-1.360921,-9.063859,0.952796,-0.92388,C2
1.205155,3.673242,0.808187,0.92388,C2
0.470777,1.938826,0.710157,-0.55557,C2
0.974055,-3.758355,-0.801665,-1.547945,C2
4.035154,19.588216,-0.201399,0.027945,C2
3.448103,12.840041,1.330264,1.55249,C2
4.701931,23.259285,-0.798463,1.53821,C2
0.671675,1.891164,-0.520114,-1.176982,C2
4.032876,13.778011,0.089898,1.640773,C2
0.254451,-3.07194,-0.415453,-1.846363,C2
0.22966,7.987996,-0.705823,0.777999,C2
3.680975,13.772868,0.024314,1.449995,C2
0.684997,8.601032,0.118402,0.980785,C2
0.213912,-5.978481,-0.013893,-1.826552,C2
0.862785,0.75873,-0.033709,-1.949925,C2
0.32203,10.562891,-0.26297,-2.177531,C2
-0.611111,-6.710357,0.854502,0,C2
4.726318,19.125278,-2.338935,2.727028,C2
0.288706,-1.218252,-0.527905,-0.489668,C2
0.883693,-1.320662,-0.110224,0.401294,C2
-0.504843,-0.872094,0.218544,0.55557,C2
3.643302,9.95773,-0.047553,0.434254,C2
0.347029,-1.904437,-0.855403,-3.063637,C2
0.47067,5.969561,-0.986809,-2.406055,C2
0.911695,-4.745677,-0.565024,-0.093997,C2
4.510011,26.768798,2.761893,1.422004,C2
3.936543,24.193822,0.019697,1.562123,C2
-0.31181,-5.238361,0.194671,0.19509,C2
0.776637,9.441508,-0.723976,-0.893454,C2
0.154337,10.028806,0.723527,0.707107,C2
0.42428,-4.677404,-0.417042,-1.7322,C2
3.187946,6.16752,-0.375697,0.226148,C2
0.835608,2.175922,-0.265148,-1.652529,C2
0.430079,5.471778,-0.744351,-1.275548,C2
0.492851,11.035741,0.438972,0.19509,C2
0.725809,-3.200931,-0.201085,-2.218901,C2
-0.911232,-9.968902,0.048984,0.92388,C2
0.888384,5.930888,-0.475442,-2.287869,C2
-0.238945,-3.854034,0.374203,0.55557,C2
3.732127,10.836722,-0.421709,2.613123,C2
-0.195648,9.63858,0.558693,0.707107,C2
0.953977,3.965172,-0.254703,-0.90564,C2
-0.839144,2.04203,0.57218,0.83147,C2
0.764404,-5.92855,0.20736,-0.707107,C2
0.441804,4.401295,-0.060436,-1.668811,C2
0.966443,-0.817654,-0.821988,-1.452329,C2
3.09985,15.035977,-0.480664,1.407369,C2
0.237711,-0.543905,-0.200444,-2.829584,C2
0.889912,4.95323,0.095525,0.92388,C2
1.550884,13.567126,0.083867,0.980785,C2
3.53822,13.643429,1.067808,1.37112,C2
3.021829,10.361312,1.437267,0.655447,C2
0.762177,5.676348,-0.364332,-3.603616,C2
0.865259,0.406097,-0.192363,-2.779483,C2
4.939983,22.251386,0.699688,2.465439,C2
0.041814,7.680252,-0.792954,-1.025506,C2
3.132083,5.995189,0.771061,2.112318,C2
0.238531,2.759176,-0.722296,-1.965473,C2
0.68669,-1.542903,-0.930517,-0.889492,C2
4.037947,15.249671,0.77747,3.168762,C2
-0.214131,-2.321616,0.754078,-0.92388,C2
3.563317,16.09974,-1.571933,1.833125,C2
0.68765,3.590102,-0.572901,-1.260825,C2
4.284635,21.630525,0.074,0.171518,C2
0.726372,9.004037,-0.05671,-3.446393,C2
0.15539,-7.004925,-0.557167,-0.602843,C2
3.213174,5.930612,0.303556,3.66868,C2
3.823138,13.590678,-0.50371,2.234601,C2
-0.556843,5.807642,0.363006,0.83147,C2
0.884898,5.754635,0.537372,0.382683,C2
0.223265,0.309006,-0.879403,-0.523755,C2
-0.946551,1.496775,0.463049,-0.980785,C2
0.401396,7.542235,-0.230847,-2.505598,C2
-0.931974,-4.383485,0.280998,-1,C2
3.984285,16.519738,-0.849189,2.849896,C2
0.345447,2.410772,0.353492,0.83147,C2
0.989616,13.159763,0.056269,-0.19509,C2
0.400669,6.929043,-0.988438,-1.791238,C2
4.440644,19.814086,0.366121,2.14775,C2
4.898173,22.493385,-1.11055,0.658582,C2
3.61408,13.084622,-0.757152,3.136042,C2
4.840152,15.554365,0.290483,0.905112,C2
-0.075509,-5.545401,0.733151,-0.83147,C2
-1.418267,-5.858724,0.347019,-0.382683,C2
-1.320482,-9.565191,0.377031,-0.92388,C2
0.244237,-6.217839,-0.570553,-2.666837,C2
4.76519,26.246794,0.296628,0.787671,C2
0.716887,0.694257,0.058726,0,C2
0.203129,7.228445,-0.992926,-1.832008,C2
0.086385,5.788051,0.020449,-0.92388,C2
0.049678,9.23443,-0.446974,-2.846435,C2
0.79459,8.289809,-0.89826,-1.559319,C2
-0.95834,2.796142,0.351005,0.980785,C2
0.843169,4.624229,-0.118701,-3.47524,C2
0.316211,-0.475188,-0.814715,-3.677033,C2
0.793038,-2.148104,-0.174504,-1.948841,C2
0.592156,-5.265179,-0.79879,-0.480018,C2
3.17767,19.652348,0.138702,2.48102,C2
0.731178,13.041199,-0.363279,-0.51106,C2
-1.293087,1.248496,0.823256,1,C2
3.726879,12.090544,0.708575,1.766671,C2
0.065723,-5.327531,-0.818506,-2.739653,C2
-0.207545,9.543027,0.543035,0,C2
0.737051,-5.036471,-0.979839,-1.84853,C2
0.742286,-1.155041,-0.47887,-0.999488,C2
0.931674,14.138751,0.633466,0.92388,C2
0.409175,9.552367,-0.128056,-1.93974,C2
-0.959311,0.454257,0.235439,0.19509,C2
1.00265,-1.248843,0.031387,-0.980785,C2
1.450528,14.317772,0.726565,-0.92388,C2
0.401256,-0.356262,-0.710156,-1.599694,C2
0.665815,3.9613,-0.676837,-0.765265,C2
0.937634,-1.885626,0.764618,-0.707107,C2
0.338097,2.437557,0.264631,0.55557,C2
0.429125,-5.362651,-0.702059,-1.745353,C2
3.146406,16.144074,1.213592,1.607816,C2
4.349091,24.171047,2.214245,0.521453,C2
0.754776,0.09496,-0.538902,-1.434092,C2
0.460492,-4.044688,0.20926,0,C2
0.795044,12.352977,-0.129692,-1.9251,C2
-0.398759,-6.204436,0.609518,0.707107,C2
4.815489,21.448928,1.19306,1.530899,C2
0.337116,-1.50771,0.316786,-0.19509,C2
0.875261,0.762873,-0.939167,0.137249,C2
-1.111766,-5.994579,0.291898,0.83147,C2
0.144572,1.339743,-0.462017,-1.081291,C2
3.573036,25.062802,-1.894294,2.584307,C2
0.421533,9.884292,0.136399,-0.19509,C2
3.512348,8.885815,1.372765,2.247991,C2
4.692107,16.673494,0.341435,3.093614,C2
3.2883,10.988846,0.780822,2.253541,C2
-0.160573,-9.181056,0.412693,0.707107,C2
0.163999,5.921566,-0.052632,-1.560986,C2
3.595085,21.631613,0.594685,1.229326,C2
4.914821,23.186518,-0.019783,0.653792,C2
0.668745,12.469352,0.205953,-0.382683,C2
3.027676,13.106541,-2.936403,1.768192,C2
-0.604189,-5.896342,0.00251,0.55557,C2
3.714518,8.559055,0.467956,0.598098,C2
4.71391,28.955304,0.528551,1.4554,C2
1.191595,-3.637421,0.894327,0.19509,C2
0.036454,1.810545,-0.196247,-1.664776,C2
0.955572,-3.19244,-0.875489,-1.857591,C2
0.77289,4.205982,-0.845039,-0.75109,C2
-1.183546,3.676449,0.120711,0.19509,C2
0.923,8.455637,-0.731111,-1.435875,C2
0.873063,2.37812,0.080436,0.980785,C2
